health,fault,fault_prob,anom_flag,anom_score
27.679556881785924,1,1.0,0,0.07679539797460722
43.02316072142737,0,0.035,0,0.059007426945140495
15.718345757806974,1,1.0,0,0.08872650099368501
15.955920780538705,0,0.005,0,0.04364729712337112
24.377138392742477,0,0.005,0,0.10243602781215833
57.418508163288486,0,0.01,0,0.049200930482601435
37.15002234552655,0,0.01,0,0.09275505169355092
44.39281761913051,1,1.0,0,0.13052410987064073
33.35489895149158,1,0.99,0,0.06351274000757778
45.58804988330801,0,0.005,0,0.11293426817393948
27.139758750568266,1,1.0,0,0.07112852983607298
44.05190311904553,0,0.0,0,0.12789848849333574
39.43694924070705,1,1.0,0,0.1321239237035765
32.96600384156402,0,0.005,0,0.10263770794557525
40.067271282456566,0,0.0,0,0.06680111121249588
47.00953122749235,1,1.0,0,0.08931229357570891
51.721478500267246,1,1.0,1,-0.005539857104067347
57.68529833621768,1,1.0,0,0.025019186948663785
56.956613618136245,0,0.255,0,0.09697569741786549
37.36794707695201,1,0.99,0,0.05961734438060584
63.666725916511815,0,0.005,0,0.056580971972808314
36.64841834552602,1,0.995,0,0.07917986345387984
13.85048061252615,1,1.0,0,0.08983247650723386
26.260284518781308,1,1.0,0,0.09048301135681047
21.790269467599465,1,0.995,0,0.07448899832998934
27.734533103147065,0,0.005,0,0.12055292903545062
34.661704068939486,1,1.0,0,0.08594613889446584
40.8551630775264,1,0.995,0,0.1262616743531092
38.29269327134774,1,1.0,0,0.02899125175465611
63.31840586103008,1,1.0,0,0.07576797425104831
34.56537678226382,0,0.025,0,0.10739976815688179
29.000767775691962,0,0.01,0,0.053015714406049685
54.18805237827063,1,1.0,0,0.10768543454820761
53.04849178137592,1,0.985,0,0.09368744059447465
51.989965324428084,1,1.0,0,0.043696181480880836
37.813381462934714,1,1.0,0,0.04645961669417675
40.68421217823659,1,1.0,0,0.08335404316726541
24.049280461058874,0,0.09,0,0.09706827548763647
26.481737900448575,1,1.0,0,0.07495013388779592
33.69948989326679,1,1.0,0,0.061644885569592245
31.16312546414374,1,0.995,0,0.11085923374284568
10.35957942635006,1,1.0,0,0.043276424512022404
42.24852996257427,0,0.01,0,0.05731982441554495
18.809774341260102,1,1.0,0,0.08133093183377438
36.10518372519666,1,1.0,0,0.07987776978254724
54.350233617929035,1,0.99,0,0.06047863893308336
50.5695284797334,1,0.995,0,0.07571724664644197
18.313464882064572,1,1.0,0,0.07828529260123285
29.37768978251596,1,0.995,0,0.07267413850389004
58.89619944030593,1,1.0,0,0.12208818515407066
40.96895456199147,1,1.0,0,0.04569783454083365
54.20013152877833,1,0.99,0,0.08741593059643649
35.71116830967982,1,0.995,0,0.07334539972591625
35.1793898060866,0,0.0,0,0.09582666196182199
36.46187865682082,1,0.995,0,0.07738524127807256
38.09561195348733,1,0.99,0,0.06824607940271954
34.783219422420345,0,0.005,0,0.08824494401688004
32.19410907599979,0,0.0,0,0.1256767896895104
34.63978125194368,1,1.0,0,0.07381867064539238
43.711371279857005,1,1.0,0,0.047668807086624465
43.881476866797996,1,1.0,0,0.08931530691648992
43.3521096901378,0,0.0,0,0.0753465361494714
16.34143872151642,1,1.0,0,0.04414148652762662
36.13364588253022,1,1.0,0,0.13650176123430535
36.12569865327013,1,1.0,0,0.09863215283400223
35.909867533337,0,0.01,0,0.04491086013281498
65.81402086581578,0,0.005,0,0.0910841701562648
28.45062116569998,1,1.0,0,0.111164908076678
43.233679333885945,1,1.0,0,0.0974874945721394
50.920672037859575,0,0.01,0,0.09087206087803518
37.02003804913518,0,0.005,0,0.05544330044457113
32.95780371110377,1,1.0,0,0.009020999596788704
32.16328991285921,1,1.0,0,0.08074595887385705
34.74534693414371,0,0.0,0,0.01255746693589821
27.301723327194537,1,1.0,0,0.07192715658389182
35.63656029683608,1,0.995,0,0.06331704426657403
51.35237968562199,1,1.0,0,0.11524486546267648
32.78446390676435,1,1.0,0,0.10420180805584489
32.58688203161128,1,1.0,0,0.08815830002479025
33.12861456341964,1,1.0,0,0.10775724231011591
33.16276183707778,0,0.005,0,0.12047762145687829
31.802342376038165,1,1.0,0,0.05118474607974022
23.289750357708257,1,0.995,0,0.08892751921267666
49.95292114574827,1,0.995,0,0.0724351695931682
23.596417936443714,1,1.0,0,0.10878182106111467
29.674704067555357,1,1.0,0,0.08228897568820587
41.439787130226456,1,1.0,0,0.08324396632143988
40.43851627464688,0,0.01,0,0.04822627536001711
35.98823721745502,0,0.005,0,0.06117765228029903
25.0784274948109,1,1.0,0,0.010536365161864625
30.006724784877292,1,0.99,0,0.10661606502174387
35.30355401353383,0,0.005,0,0.06517814231467767
47.38221491526842,1,0.995,0,0.10573355870070839
36.249672296774655,1,1.0,0,0.06298821854356962
45.15246557352472,1,0.995,0,0.13694641732271523
45.248868567507415,0,0.01,0,0.08583831654287943
17.196674302390388,0,0.0,0,0.10051908276970417
54.36350964952664,1,1.0,0,0.09016824691971043
23.62021983800017,1,1.0,0,0.007677243415490254
23.91430308811693,1,1.0,0,0.07634147931216273
40.25550207442904,1,0.99,0,0.025783140120436143
36.440480565609676,1,1.0,0,0.12090710541632821
29.938093628675716,1,0.995,0,0.11461675884169753
29.603312008794045,1,1.0,0,0.06825274265718118
41.226388454894895,0,0.0,0,0.13256981719746747
37.73686812869719,0,0.01,0,0.13043754577847944
37.33043631165692,1,1.0,0,0.11415727459283609
54.35514291010288,0,0.0,0,0.13059195132025142
27.176132194044207,1,1.0,0,0.048380220410404795
47.13989923463073,1,1.0,0,0.1012358634713792
45.68489702337767,0,0.01,0,0.08306017679486727
36.14962673831137,1,1.0,0,0.11436090173565716
26.85371328939118,0,0.005,0,0.09640325750838108
22.860090440268465,1,1.0,0,0.07206458827842666
56.14025938542831,1,1.0,0,0.09262134028642399
26.139101017033617,1,1.0,0,0.10756343606106378
37.36316029344173,0,0.0,0,0.11344685332943344
22.036223016746295,1,1.0,0,0.04994100057973849
54.28100589140544,0,0.005,0,0.046104227164798006
46.50161109550454,1,1.0,0,0.07322791008733864
26.626169778607814,1,1.0,0,0.05651904921632944
38.389359461587624,1,1.0,0,0.08571861229874539
43.09414725459008,1,1.0,0,0.08014807578547167
45.31007799098982,1,1.0,0,0.03874819632693183
42.0677073304918,0,0.0,0,0.05408834621586711
39.39853846209919,0,0.005,0,0.04208654397826783
49.57863489767907,1,0.995,0,0.05975655187657569
55.909181364515845,1,1.0,0,0.07444365464912117
34.41708574713767,1,1.0,0,0.11386838179133646
15.056824839507287,1,0.995,0,0.07268126943868058
39.864330338820444,1,1.0,0,0.089541285875826
54.156007203361035,0,0.02,0,0.09510309973041875
34.970630350724335,1,0.995,0,0.13863057485203384
36.0839700035125,1,1.0,1,-0.019115597247656102
46.59429176724299,1,1.0,0,0.10175704061239099
24.526261271829082,1,1.0,0,0.09729703060285877
43.98758001414778,0,0.005,0,0.06473780179305699
53.2110178633393,0,0.005,0,0.03928180312437202
46.72030679404225,0,0.0,0,0.09991054684346329
24.20405595366596,0,0.0,0,0.12614314410331678
47.81178972260889,0,0.0,0,0.0695241985442302
29.566616688983544,1,1.0,0,0.05380731910810832
35.95510119619133,1,1.0,0,0.0638358554547348
66.08449444349407,0,0.005,0,0.048330096340042594
46.55256338287168,1,1.0,1,-0.059193366441547934
51.676181211753935,1,0.995,0,0.06341318144552399
37.4112615375539,1,0.995,0,0.11403546325918446
18.915371289165595,0,0.015,0,0.09201567243814329
36.73462343237343,1,1.0,0,0.12762939807658746
31.52553509471378,0,0.0,0,0.08007563801527162
6.752027532312471,1,0.995,0,0.05868136704583804
36.2542712789903,1,0.975,0,0.0064959447765861045
49.32853688024571,1,0.995,0,0.05467646499971712
25.815642600614993,1,1.0,0,0.06698076624771254
22.86429944634826,1,1.0,0,0.04016204372914578
40.5665997244166,1,0.985,1,-0.008423901786541288
31.0218197198859,1,0.995,0,0.04178861111766585
19.35660928727954,0,0.005,0,0.03747098342320765
33.534613144114694,1,0.99,0,0.09204756413452553
46.63170464994817,1,1.0,0,0.09300503353575318
29.02920717858593,1,1.0,0,0.11318635303856805
39.55585850889102,1,0.99,0,0.04229737539104017
62.17774048356339,0,0.005,0,0.0784074025718029
28.39035193267466,1,1.0,0,0.08789512415995626
45.00711411434859,1,1.0,0,0.06821761292355988
43.46428240561976,0,0.0,0,0.071095838190958
33.590964909077776,1,1.0,0,0.07033824640292641
49.50318929542731,0,0.02,0,0.06578562726230675
40.08029089512916,0,0.0,0,0.06092141723775746
45.39034410469805,1,0.995,0,0.038891800802971055
50.56157043742709,1,1.0,1,-0.004744323181869126
49.075998664367035,1,1.0,0,0.09235220431557573
35.4127296502607,1,1.0,0,0.09710734196792242
40.10296451823224,1,1.0,0,0.13793259532168078
36.14176265257829,1,1.0,0,0.09069970421977053
59.0613791490067,0,0.015,0,0.03894749878476156
35.910135260742116,0,0.01,0,0.08695169801381425
43.183131419274396,1,1.0,0,0.11388472302161579
24.378018241275484,1,1.0,0,0.027752213444515506
42.2586443427857,1,1.0,0,0.07986882205355039
25.998263537096715,1,1.0,0,0.11294577934251165
56.915613974265064,0,0.01,1,-0.010051330676875025
63.236931688373986,0,0.055,0,0.028261783234880267
39.79052953891126,0,0.0,0,0.12207350041822018
25.573153917480443,1,1.0,0,0.05615935134235617
15.650415149695332,1,0.995,0,0.048918262070922314
53.938599335906545,0,0.005,0,0.12905702306122807
23.68935430492497,1,1.0,0,0.08364487154827355
60.872242614553315,0,0.02,0,0.06213233332506651
52.70207192617532,1,0.99,0,0.10260334579016328
34.904741029650495,1,1.0,0,0.08324917061625015
31.46766834210284,1,1.0,0,0.1334690682314616
36.92266314774956,1,1.0,0,0.09581181729362981
25.02250423414189,0,0.005,0,0.08638539920182037
39.373041420809756,0,0.015,0,0.00946640401702159
32.94571239078491,0,0.015,0,0.03804921476722545
60.40166704111669,1,1.0,0,0.05200049170626431
27.972181871903548,0,0.01,0,0.06232447045614076
50.61926310618706,0,0.005,0,0.11834345601699453
43.37703557682257,1,1.0,0,0.08997703090962028
33.82279946865398,1,1.0,0,0.03173086734170549
53.751150769986005,0,0.005,0,0.10113050400710377
31.733088396953473,1,1.0,0,0.12415855253332253
49.48656882476482,0,0.005,0,0.04912159455600995
45.77202383004998,1,1.0,0,0.06742387976232145
35.795616857180946,0,0.0,0,0.05338111528206457
48.02686163935552,1,1.0,0,0.06654478050790757
28.666555758818664,0,0.005,0,0.07196169170789624
47.21999854552012,1,1.0,0,0.06185027696834644
35.768579180799605,1,1.0,0,0.11871368552188477
32.14188016559801,1,1.0,0,0.08351845858157447
39.75236902690107,1,1.0,0,0.10786489092394014
38.25266717618361,1,1.0,0,0.10134846977234746
45.65239314806789,1,1.0,0,0.07249282265585222
51.40964535792732,0,0.005,0,0.08013151567263888
20.06630764021629,1,1.0,0,0.09843509273061846
20.301602102814744,1,1.0,0,0.07608933744749213
44.1660229316337,0,0.005,0,0.08395837816507762
53.958534481713194,0,0.015,1,-0.015559509772821167
38.65917427590905,0,0.0,0,0.10064160053087556
19.841977691302695,0,0.0,0,0.10083666767314003
27.8390529818742,0,0.015,0,0.06392789949570532
47.83274686246702,0,0.015,0,0.086997983789532
33.03343647858168,1,1.0,0,0.0676499665610869
34.7062971113037,1,1.0,0,0.06704254619412686
22.4421125937642,1,1.0,0,0.08398350993130238
27.34954440622213,1,1.0,0,0.09703168275305979
46.564532654508604,0,0.005,0,0.0429138218595706
28.465675795784524,1,1.0,0,0.10255523352658308
56.31311441335484,0,0.16,0,0.11598462473105486
23.63913154972043,1,1.0,0,0.12010141027366478
55.85276881834182,1,1.0,0,0.022893735456971376
37.01921364917945,1,1.0,0,0.026667640834230566
38.85652390116692,1,1.0,0,0.07460443774190717
21.669652053259842,1,1.0,0,0.0901187946773157
43.302830420134676,1,0.995,0,0.04464212456331884
54.662663276110045,1,1.0,0,0.12021477347523979
48.235025177770154,0,0.0,0,0.07645160078389668
27.83101207118643,1,1.0,0,0.12187578084194284
43.80658844181004,1,1.0,0,0.07515420406395945
49.42082560663331,1,1.0,0,0.04450249899955394
64.4076705222828,0,0.005,0,0.06535274823784842
55.686653156673664,0,0.005,0,0.05658742427876784
36.303411486325466,1,1.0,0,0.06106888973174174
23.27137387652102,1,1.0,0,0.09894208780728836
54.37567932770211,1,0.995,0,0.07478971414705315
32.03264382617293,0,0.005,0,0.11067571726975134
24.02453716606287,1,0.995,0,0.039001723684230605
59.415382982942646,1,1.0,0,0.10831363405211952
29.68162826073033,1,1.0,0,0.1340054025393973
42.90309159608867,0,0.005,0,0.04217513081461288
52.551436064954096,1,1.0,0,0.08835570875243004
63.649154924215345,0,0.005,0,0.03768332718138201
49.50206640591061,1,1.0,0,0.10135230896724584
43.15635496797371,1,1.0,0,0.062042623009589626
51.95140917742977,1,0.98,0,0.024881441935842852
33.20045799184998,1,1.0,0,0.0733109468570986
44.393308158324245,1,1.0,0,0.07451273459469987
23.36065785662329,1,1.0,0,0.11039907447046937
42.1384075618075,1,1.0,0,0.06345808685662757
41.56591925272671,0,0.01,0,0.03632127681567998
27.906812871202916,1,0.995,0,0.05585223623267466
40.77647392242528,0,0.01,0,0.11001287890501382
38.1085091731643,1,0.995,0,0.0225838157351953
22.375004405891662,0,0.005,0,0.10882528348236203
60.21943327277225,1,1.0,0,0.06034143767343547
17.758657012499793,1,0.995,0,0.050156023190787935
22.101927518370776,0,0.01,0,0.07777834261283645
60.875149153745426,1,0.995,0,0.07467261467065345
41.290676131843114,1,0.985,1,-0.01332511476710918
43.93440215200499,1,1.0,0,0.1063475925162033
30.676693155483626,0,0.0,0,0.10003474084810171
69.06326962335264,0,0.01,0,0.0558254877638894
25.96027476294559,1,0.995,0,0.036563525066128144
33.37818605269627,1,1.0,0,0.10095938476384636
53.595781308022985,0,0.0,0,0.10631320242392772
66.97147361791671,1,0.99,0,0.043897808583702846
37.748015527222776,0,0.005,0,0.11846630229686378
28.70500625207997,1,1.0,0,0.02666436131016292
31.41780945833221,1,0.995,0,0.062319367301253425
38.62557395827903,1,1.0,0,0.0707068687919965
41.941128974012734,0,0.005,0,0.06510474872302263
51.9088167362916,1,0.97,0,0.11353031623825544
43.9432175728357,1,1.0,0,0.0931918814418482
48.2494656956219,0,0.01,0,0.07978665549667319
43.87930164647518,0,0.01,0,0.05440411613034757
41.7745290240827,0,0.005,0,0.10227174609297185
43.56663149280807,0,0.01,0,0.08659302605344826
29.968309539387402,1,1.0,0,0.10578226270240076
31.871606370987582,1,0.995,0,0.11744679460331475
47.930525606748944,1,1.0,1,-0.04837265248798772
46.97772427522179,0,0.0,0,0.1223538680966309
21.034553446715005,1,0.995,0,0.048154802993733536
48.898164339556324,1,1.0,0,0.11460796835177872
15.3289666476665,1,0.995,0,0.07433913672812198
26.682195704432914,1,1.0,0,0.11316870097724685
37.757815195301674,1,1.0,0,0.10290826412343851
36.52425862290706,0,0.0,0,0.06307478247846843
54.631470811771486,1,0.995,0,0.06692850633909875
54.06703378743598,0,0.0,0,0.06525338787231427
32.592859583845744,1,0.995,0,0.10769685351152664
18.799798606577205,1,0.995,0,0.03736174900487732
45.425461568180644,1,0.96,0,0.016342435827728874
53.088763714880216,0,0.035,0,0.04482155309678848
41.74880301300065,1,1.0,0,0.09129026446008975
62.76665392875984,0,0.005,0,0.06359913834764575
40.99670467068654,0,0.0,0,0.06984835123680133
34.496769996711734,0,0.005,0,0.08060812167180076
44.11132189961348,1,1.0,0,0.11463039529345448
30.99577138917916,0,0.01,0,0.0815401098481855
36.385151193728234,0,0.01,0,0.03863446821481775
45.28448649175655,1,1.0,0,0.07618321325756539
39.24515831506562,1,0.995,0,0.04636984868342686
63.124942115707,1,0.99,0,0.0034969362416744643
30.19619975981131,1,1.0,0,0.060051315136474104
35.34423788054249,1,0.995,0,0.08566197403041148
52.21989151245554,1,1.0,0,0.11728782028979401
44.72824331309258,1,0.995,0,0.13050781671597017
44.419214421595754,0,0.005,0,0.09436978931656231
24.329208273547138,1,0.995,0,0.07293289049719287
48.03584301881103,1,1.0,0,0.1092586552525538
29.07767515774805,1,1.0,0,0.13700037214848432
47.49615009243391,1,0.985,1,-0.027498682614000347
46.9213284364027,0,0.035,0,0.12943826254983443
42.417180473962645,0,0.005,0,0.09600287112329381
57.92327148596976,0,0.0,0,0.09780978840241306
32.7226109723414,1,1.0,0,0.09868455229522338
61.98136787636132,0,0.005,0,0.10283219176235414
36.5497025903069,1,1.0,1,-0.02246257571935628
31.08874228300994,1,1.0,0,0.08918538571436779
12.353024760679714,1,1.0,0,0.07420452220542939
32.33757197741622,1,1.0,0,0.12869738759854588
43.84595035299855,1,1.0,0,0.07029176200228182
47.032511484378304,0,0.015,0,0.0592908982375423
48.174218003522725,1,1.0,0,0.09806769795990966
49.926001722470836,0,0.01,0,0.04824746035614835
13.592366566418336,0,0.0,0,0.04462471723060135
45.46516309059453,1,0.995,0,0.035841810403218766
13.569724400146455,1,0.995,0,0.04863726045934613
17.301421773821986,1,1.0,1,-0.027782213116342103
38.76996572634188,1,1.0,0,0.0426995119920659
30.02840064289317,1,1.0,0,0.06653289535333362
23.851323467569387,0,0.005,0,0.10603766341927179
54.61752122371491,0,0.0,0,0.08033137173948612
39.28715130600548,0,0.16,0,0.10528350726170149
43.07408608280106,0,0.03,0,0.017652654746597052
30.102659120841395,0,0.005,0,0.1401431905745174
46.62768502210555,0,0.0,0,0.07648338346827577
21.11309232613887,1,1.0,0,0.07321631889871438
43.2286677667664,1,1.0,0,0.10177396863691507
21.938944274041884,0,0.01,0,0.10102609238915711
34.41800709027583,1,1.0,0,0.09841059612504482
33.36604614467394,1,1.0,0,0.1298916184661879
15.218961359469354,1,1.0,0,0.09695525656660925
25.85941088920605,1,1.0,0,0.09740683696016955
52.95097725034283,1,0.96,0,0.10774835789974624
40.36144726610256,1,1.0,0,0.09691337366872993
22.175999533168007,1,1.0,0,0.03177499816301421
54.51740883137379,0,0.02,0,0.07744515987776635
51.22988288230807,1,1.0,0,0.13781553644566175
34.19733063013106,1,1.0,0,0.06969631624011008
28.889676219917536,1,0.995,0,0.12250095069877415
26.053309465473976,1,1.0,0,0.079402756732605
60.65683678547835,0,0.0,0,0.09391357627787034
36.01424347331962,1,1.0,0,0.07111137480688967
30.08476266933237,1,0.995,0,0.08028849444796637
60.67228683674899,1,1.0,0,0.05810107864261416
19.23134059069854,0,0.0,0,0.10641516829046371
45.801992005175656,1,1.0,0,0.09693760710319771
52.06160469786491,0,0.0,0,0.10172779783775526
20.116204044522796,1,1.0,0,0.12280554109213765
39.35209964607316,1,0.99,0,0.06951893385301422
42.30387854804537,1,1.0,0,0.086477179214755
45.39169907263523,1,0.99,0,0.09510651372363926
20.603399869610513,1,1.0,0,0.05172504681923673
49.540343448515614,0,0.07,0,0.10274103445512861
21.320557427743108,1,1.0,0,0.10222209758603357
38.0415002843595,0,0.0,0,0.11142575829044343
37.87774115559122,1,1.0,0,0.031197191335279206
13.80080043241446,0,0.0,0,0.09261015332540973
57.0637265775607,0,0.0,0,0.11808916629667932
17.879145117353033,1,1.0,0,0.07161978848180506
17.394606436469356,1,1.0,0,0.0821860887287737
50.51631806567735,0,0.005,0,0.06593962745894633
39.579614495698536,1,1.0,0,0.13690943978697134
42.51129150935594,0,0.02,0,0.10118105714141534
26.995489537555986,1,1.0,0,0.00948001681211208
39.76895164915935,0,0.0,0,0.12745865191193007
43.78381244380164,1,1.0,0,0.03174057851635648
21.214035447403003,1,1.0,0,0.1023508880809405
20.708235052175795,1,1.0,0,0.009143942436561248
40.29021785771896,1,1.0,0,0.061522717840368335
26.62139183745493,0,0.0,0,0.10442509520708021
32.92448764840277,1,0.99,0,0.0811549136611231
42.68895807445107,1,1.0,0,0.09556649840302711
41.818632944964484,0,0.0,0,0.11764407769662694
17.756623941436604,1,1.0,1,-0.009966545456647546
25.519294041607168,1,1.0,0,0.00319519793492129
36.08414002049769,0,0.0,0,0.09624347016551604
55.25146507154764,1,0.995,0,0.014520861490292747
47.96443022061626,1,0.995,0,0.11872157369814851
39.81615652661173,1,1.0,0,0.1285541400062153
15.825064620512814,0,0.01,0,0.10661958541512784
42.33515507868885,1,0.995,0,0.11938318365160233
36.48461681766216,0,0.0,0,0.12406520182620467
51.2044121997699,1,0.995,0,0.07190136728463692
26.809521926757302,1,1.0,0,0.0863848808650533
28.171686370252615,1,1.0,0,0.05893131231385995
22.311895964350096,0,0.005,0,0.04769863466250868
34.83658114833556,1,1.0,0,0.09139091636354835
16.303861625889567,1,1.0,0,0.0050104151475300895
30.976683256390697,1,0.995,0,0.04379864660574806
48.21615308805774,1,1.0,0,0.05524244451214244
48.43753217805741,1,1.0,0,0.11001388360772513
24.702001423659727,1,0.995,0,0.11868462744425406
29.732370298258644,1,1.0,0,0.08504672260422164
40.068108934601554,1,1.0,0,0.08263807166380788
21.03383943513588,1,1.0,0,0.10315610582724738
42.103162630305754,1,1.0,0,0.044901941764058595
19.95251230851287,1,1.0,0,0.08603442765742836
30.5052724823167,1,1.0,0,0.09506080598451089
28.616713128799482,0,0.0,0,0.11579567441447103
41.878114686015905,1,0.99,0,0.09683624727150347
53.06940602161012,1,1.0,0,0.0630169820176053
33.28739482963759,1,1.0,0,0.08721059858763802
29.155352791425535,1,1.0,0,0.037629205249511744
49.01747920280816,1,1.0,0,0.09032562750781453
12.112452315615444,1,1.0,0,0.03714990212898983
21.888634131705395,1,0.995,0,0.07635882092346435
49.8119794719914,1,1.0,0,0.10231375332081621
39.67092401384402,1,1.0,0,0.06461492252094292
29.870999873629618,0,0.005,0,0.10185176196263618
25.48634198651735,0,0.005,0,0.1042096172807428
13.46244872268827,1,1.0,0,0.06991837362057185
46.92226097885448,1,1.0,0,0.06270878948061498
33.505156006571,1,1.0,0,0.0663563306411259
43.64246597644729,1,1.0,0,0.07275328094014721
25.926625638838768,0,0.0,0,0.06266504470439971
51.556646386872664,1,0.99,0,0.08408645231065481
31.83645142231579,0,0.015,0,0.10284741293158578
28.295473003318588,1,0.99,0,0.09175344523568557
46.241890864076304,0,0.0,0,0.12831722369804682
61.86821892851896,0,0.0,1,-0.005076184065662903
55.52178436486941,0,0.1,0,0.04641979999721646
49.919332236155235,0,0.005,0,0.03423983256713592
43.751278492657875,0,0.0,0,0.09277825368652454
37.76759012148639,1,1.0,0,0.10634431758018087
53.63819990480151,0,0.0,0,0.10374197224088566
47.688753047623514,1,1.0,0,0.043848017942565654
43.53007045766931,1,1.0,0,0.10341366396675522
43.766726931980116,0,0.0,0,0.10887464115029155
53.40078547940442,0,0.115,0,0.13084200181656025
27.683055345292132,1,1.0,0,0.08451483048914965
43.81797458750921,1,1.0,0,0.08378136166100142
52.76074759141216,1,1.0,0,0.10075929918042248
50.65408558859285,0,0.015,0,0.09504721684057493
40.232582898134424,1,0.99,0,0.10691053576590887
41.86268479693298,1,1.0,0,0.11129749563493557
27.5868650749611,1,1.0,0,0.05547814792021277
21.778579901969305,1,1.0,0,0.07398060254318883
52.69914698849311,0,0.01,0,0.06672931380899383
51.22858504949349,1,1.0,0,0.12389753740676107
39.79543250075399,0,0.0,0,0.10425749125544914
48.910790639099645,1,1.0,0,0.10349634619905612
31.221189524998927,0,0.01,0,0.07020431046113473
24.385812628054637,0,0.0,0,0.06643242232287039
50.925278422363945,0,0.005,0,0.058507563291870124
43.89651307291018,0,0.01,0,0.08350699676530648
40.10656429415025,1,1.0,1,-0.005680173444644998
21.430379573132797,1,1.0,1,-0.0392746604809342
62.00678964594422,1,0.995,0,0.06515623203416065
63.45166999071003,0,0.005,0,0.07221377221239345
45.17847298125549,1,1.0,0,0.07356924042716373
42.84984889297923,1,1.0,0,0.06983792670311484
33.803807129668485,0,0.0,0,0.08509581005910533
43.68407461590573,1,0.995,0,0.09915409638739886
17.276140681218706,1,0.995,0,0.037637116190727626
42.629683018439565,0,0.0,0,0.10681650095580936
51.32508248642418,0,0.0,0,0.09169961923305403
34.40391115318017,1,0.985,0,0.07489519001930844
40.190026959900614,1,1.0,0,0.10754521695512281
23.67203455652849,1,1.0,0,0.01983975126257842
57.14812994120288,0,0.04,0,0.0846943612151228
31.49112898099559,1,1.0,0,0.10972922024872445
60.11106571796735,0,0.0,0,0.04122518363743055
32.59214502596547,1,1.0,0,0.10447108359428714
16.813020715992735,1,1.0,0,0.07095568985010647
58.56464266819083,0,0.01,0,0.1061453749404202
22.22519081761058,1,1.0,1,-0.05133468171224187
38.59426147410182,0,0.005,0,0.12901804235210274
22.336666184118116,1,1.0,0,0.11195039015030034
6.045996739849669,1,0.995,0,0.03657662179190757
30.265534133214757,1,1.0,0,0.10806857188635854
50.99557829467099,0,0.0,0,0.11755237141036984
43.960313521266315,1,1.0,0,0.090044678543099
35.47500280391274,1,1.0,0,0.15151985001780544
21.40880647864169,1,1.0,0,0.059239761230834076
39.818832425521144,0,0.005,0,0.05876103343805905
30.268959922517684,1,1.0,0,0.09847116624116264
48.61599053589711,1,0.995,0,0.04156528399194359
31.671700734136927,1,1.0,0,0.08285404474530239
38.736071960062766,1,0.995,0,0.09272456434453391
41.170334091216226,0,0.0,0,0.09087627327458364
51.85809694790672,1,1.0,0,0.0868345360544881
50.450044688490124,1,0.97,1,-0.012495662913685646
18.561083263257295,1,1.0,0,0.07946344833313745
54.934856106267816,0,0.0,0,0.07583687746389267
53.42463274163394,0,0.0,0,0.0441379247671575
42.29192423353958,0,0.005,0,0.10288303530278514
43.41592101198612,0,0.0,0,0.11220656982560584
29.432277779058627,0,0.0,0,0.07583048638961831
43.72263153384136,1,1.0,0,0.12906994607108435
55.108483171286245,1,0.94,1,-0.0347840278444459
48.38436362100545,1,1.0,0,0.1281692015490133
38.5716452807986,1,0.99,0,0.10472588700254887
22.522483234708623,0,0.0,0,0.09840097659375646
41.12176685078297,1,0.995,0,0.07029671245227986
26.768470257772098,1,1.0,0,0.08684608635846552
45.12651808924906,1,1.0,0,0.08566501751924632
37.65957403428051,0,0.0,0,0.0696750919750807
47.69889269665876,1,1.0,0,0.09524160923519415
34.20490984750208,1,0.995,0,0.10478722399991225
24.573747147687204,1,1.0,0,0.005130695102883109
29.732063520305687,0,0.015,0,0.08573169066364084
56.77686773793311,0,0.0,0,0.09013860110272287
45.5162176845628,0,0.0,0,0.09676175398216985
43.58712811612219,1,1.0,0,0.12194606258847807
58.66423129648278,1,0.99,0,0.009705428878350908
44.13613563016309,0,0.0,0,0.039076781134423366
42.195680369497865,1,1.0,0,0.09234178725456738
50.655262279373055,0,0.0,0,0.07335154373728014
55.59910694844251,0,0.01,0,0.04277573466127793
49.825728797647415,0,0.005,0,0.055659977697014806
43.27753878315541,1,0.995,0,0.0664332830201545
21.55541911724238,0,0.0,0,0.0292073267943187
37.51541285242383,0,0.055,0,0.09144135684983812
31.761193543783612,0,0.025,0,0.0957225983212942
42.505425577284925,1,1.0,0,0.08870133454953216
57.52055933369294,0,0.005,0,0.08164404117797941
46.89661936839633,0,0.005,0,0.058649265109240845
50.976804610828495,0,0.015,0,0.08273185846175701
32.715115277868755,1,1.0,0,0.10863472189847262
50.021900605469185,1,0.985,1,-0.022982292355846146
60.186477909525166,1,0.995,0,0.09104252177702404
57.60606751284291,1,1.0,0,0.08751914328520521
25.09583406807407,0,0.045,0,0.08675568207758733
46.98750314559102,1,1.0,0,0.06663862789609509
35.867281983269045,1,0.99,0,0.09369182386262959
43.49140335319482,0,0.0,0,0.09786747692437098
38.22564820409079,1,1.0,0,0.10941865247813326
22.613275096218562,1,1.0,0,0.08980858342697445
31.380891512246425,0,0.0,0,0.06805609422854342
36.15367262326674,0,0.03,0,0.06775716900162398
44.567696172032186,1,1.0,1,-0.02085265498375155
44.82752146534058,1,1.0,0,0.06379320456850879
24.89467967075042,1,1.0,0,0.08190132441649517
46.870579427350386,0,0.015,0,0.09481497918539844
36.971345187497874,1,0.99,0,0.029254694904780054
26.87606721565591,1,1.0,0,0.08031736516800725
40.23942471852182,0,0.0,0,0.13522875125235306
62.84073108602853,0,0.0,0,0.09090627944574481
51.37026903877228,0,0.005,0,0.07141115564628009
33.11432384916819,1,1.0,0,0.09366242358300081
30.41391413942141,1,1.0,0,0.10710721675948753
32.93224491569048,1,1.0,0,0.056629122832504986
37.66870952368518,1,1.0,0,0.09384914865256333
27.46626212736406,1,0.99,0,0.06535274619507037
21.784149609047596,1,1.0,0,0.06452964558141472
10.869917268323388,1,1.0,0,0.1026518432212663
64.62011677234209,1,1.0,0,0.06991451327819775
10.923795522240825,1,0.99,0,0.053663595403842135
24.482021046868276,0,0.005,0,0.06805676064699562
47.53179569298761,0,0.0,0,0.07256254165576104
24.01524467419241,1,1.0,0,0.09182569387419881
37.548845014335804,1,1.0,0,0.09483776218777346
33.27799544422433,1,1.0,0,0.0627421871792998
15.552938097236758,0,0.0,0,0.07540631684858201
25.963522928904457,1,0.995,0,0.053913732186035346
46.508228412199514,0,0.005,0,0.0777845557673359
44.531181601557726,1,1.0,0,0.04629494750071661
39.45322979478467,0,0.005,0,0.09190831950511902
33.89917395482171,0,0.005,0,0.10010740977132576
25.823215936594796,0,0.0,0,0.0879488770047257
43.57762825971105,1,1.0,0,0.10984619479819269
46.18706864753988,1,1.0,0,0.11094320604016522
56.59362941288883,0,0.045,0,0.04202261982047606
33.0981979509757,1,1.0,0,0.08205081361789857
47.13539762085779,0,0.005,0,0.08033734091765055
30.97372628300567,0,0.005,0,0.03633441868413534
52.97245835908211,0,0.01,0,0.07229864943339737
28.75050535059384,1,1.0,0,0.06875388184320974
29.43925613812725,1,1.0,0,0.10395402814574328
27.246527924140857,1,1.0,0,0.10495418290994457
24.64303828026617,0,0.0,0,0.07074072205202853
40.82682317995791,1,0.995,0,0.08590237641403636
41.145692183759635,1,1.0,0,0.09897790649897159
51.14464939974125,0,0.005,0,0.08667598033709156
43.141329121120336,1,0.995,0,0.0001374432506410228
50.74691003165142,1,1.0,0,0.09866631845912588
36.14731193676098,0,0.0,0,0.13579903558851358
39.13518109157582,1,1.0,0,0.1357564407440145
34.866212173473016,1,1.0,0,0.12375758918651564
23.123125472508328,0,0.02,0,0.05339682721222272
41.32973891538496,1,1.0,0,0.12319683396321651
28.82204577768602,1,1.0,0,0.043751304216264275
41.069994050635245,0,0.015,0,0.10099320697594638
39.92988240585692,0,0.0,0,0.07498404100971767
12.882085460931062,1,1.0,0,0.09387557042862121
29.898405573099435,1,1.0,0,0.07501984464568523
42.1284049193654,1,1.0,0,0.08082587442833211
60.44374604763237,1,1.0,0,0.10537256254136163
32.2437339406298,1,1.0,0,0.06743907967319551
38.239589731875746,1,1.0,0,0.03717435080631548
14.074456258721188,1,1.0,0,0.04939549097806828
47.26368117217624,1,1.0,0,0.10104697702913551
35.26645562314252,0,0.03,1,-0.007901893855645437
42.864836602526424,1,1.0,0,0.057643590814494994
48.60650393591314,0,0.0,0,0.11205194412887898
48.97583645594776,1,1.0,0,0.03832788988452418
64.93161442686949,1,1.0,0,0.058712617757814
19.3997766144431,0,0.005,0,0.0893517021659635
34.262208164263,1,0.995,0,0.09776679957540985
25.624797786376913,1,0.995,0,0.013355604568635715
49.51835486759442,0,0.0,0,0.11420516266341163
38.050728377493044,0,0.0,0,0.059617980794993364
54.1411875831017,1,0.985,0,0.11676801243757351
51.41654231642255,1,1.0,0,0.08544719127338257
54.64288529991927,1,1.0,0,0.041417024743793496
21.640308418892683,1,0.995,0,0.026734560596123558
35.913702133741744,0,0.0,0,0.048719278588287174
29.393060530065625,1,1.0,0,0.06508094847559376
61.77417668344865,0,0.005,0,0.08103977901427317
22.69244721030502,1,1.0,0,0.08523493124392473
58.835792739867294,1,1.0,0,0.08373258516722465
33.46786946980456,1,1.0,0,0.060929567131355
37.75222204668519,0,0.015,0,0.12494083623620433
26.10199744804072,1,0.985,0,0.07078601565921139
61.14707041537653,0,0.005,0,0.059896967837889226
36.71715221911186,1,1.0,0,0.04412087966360967
32.779110636892064,1,1.0,0,0.10456494525546034
57.65062574340917,1,0.99,0,0.075635372391198
36.88855582731496,1,0.995,0,0.11225774148677603
37.83763239039855,1,0.995,0,0.05452836074381351
40.65200448177673,0,0.0,0,0.10275702244377055
48.00220117256033,1,0.98,0,0.06109018061571958
46.483867842418206,1,1.0,0,0.089403876560393
31.599402027859895,0,0.0,0,0.10698017478869493
30.17799866126882,1,1.0,0,0.04005739739997305
49.1950443419115,0,0.01,0,0.10067109214803388
39.4900317580071,0,0.005,0,0.06381723567965059
54.9377224275848,1,0.995,0,0.07577075334009287
30.90334933471624,1,1.0,0,0.04388106982021023
42.74389016085404,1,1.0,0,0.059665379232582416
52.07488057129556,1,1.0,0,0.08060283876257279
41.346731389236375,0,0.0,0,0.12791637449392945
17.47889662441984,1,1.0,0,0.10949347224457057
47.96475311902833,1,0.995,0,0.07313692286295415
50.845624722321276,1,0.99,0,0.07794546866417174
25.724305609573467,1,1.0,0,0.08687146665969125
44.60839918663291,0,0.005,0,0.07380998558752372
27.356991283502342,1,1.0,0,0.07453674053100467
41.8901126737471,1,1.0,0,0.10533906625988382
15.92503767794256,1,1.0,0,0.02996197167079817
23.489032878315143,0,0.0,0,0.0636804716287388
45.19069919588404,0,0.01,0,0.06552546569626083
33.84986243920664,1,1.0,0,0.06386936344245941
35.03302227703459,1,1.0,0,0.014344598456210056
67.78111483125451,1,0.995,0,0.06692239353724505
29.72514442777027,1,1.0,0,0.09136028576662619
60.35901160049713,1,1.0,0,0.052458362427536986
41.475914832658034,0,0.0,0,0.1064152161461624
24.988682488573932,1,1.0,0,0.09615150488139779
45.335911095146976,0,0.005,0,0.0755310870524093
23.849958987501125,1,1.0,0,0.083237483560259
35.218685811426624,1,1.0,0,0.1407684653851915
58.51564630828554,0,0.0,0,0.07088737851575799
47.11891941700738,1,1.0,0,0.07082814258672088
20.8307945320068,0,0.03,0,0.08305323647217461
56.51010146624567,0,0.0,0,0.025570924745488943
33.89929683795967,1,0.995,0,0.045116842596363615
37.26811540480225,1,0.99,0,0.13485931808996082
38.461348082352686,0,0.005,0,0.09904452282222598
66.29525024932214,1,1.0,0,0.05646614484755863
57.313012269522915,0,0.0,0,0.1182979678475018
34.726587666537874,1,1.0,0,0.11124117306250714
69.15523987945403,0,0.015,0,0.06452610270466497
35.52189394217687,1,1.0,0,0.07568754254598109
23.006247329493668,1,1.0,0,0.11332101612610629
48.12498663633264,0,0.005,0,0.12694193446785718
45.18671029903101,1,1.0,0,0.07541666907945721
39.96918725447213,1,0.995,0,0.09799230584563734
31.381233854398758,1,1.0,0,0.07399927608462453
35.883526445367444,0,0.005,0,0.08933363096840657
27.632883694288413,1,1.0,0,0.10832195140275414
42.09678630983531,0,0.0,0,0.0902930556844187
32.23669895206376,1,1.0,0,0.07259516267716759
34.45160130650376,0,0.005,0,0.12538534939223028
48.81448535870222,1,1.0,0,0.09831897634470149
41.394489672467756,1,1.0,0,0.06774401395146823
36.270417765908874,0,0.0,0,0.11477401693223321
55.72395075173923,0,0.04,0,0.06116140192595643
37.745788706374725,1,1.0,0,0.13264474539162996
35.555955058280546,0,0.005,0,0.01606022571240584
24.706820248301256,0,0.01,0,0.0706396442894699
25.043749334762147,1,1.0,0,0.0922243284576037
31.394724439818305,1,0.99,0,0.0669026456898596
21.98152706948041,1,1.0,0,0.07766808688988658
51.85058309125011,0,0.02,0,0.024360694429145235
28.59670924284585,1,1.0,0,0.0932414606130052
41.016019283196016,0,0.005,0,0.09031883307777855
45.07830326918962,1,0.99,0,0.08845287335196678
42.242017748929676,1,0.995,0,0.09338077411480689
53.15504288692303,1,1.0,0,0.02400958740162884
54.97474749401772,1,1.0,0,0.03571023106971416
44.108083544508425,1,1.0,1,-0.018720924750926682
40.92808625517986,1,1.0,0,0.06923463427805165
50.13858990043627,1,1.0,0,0.07624996454732447
46.30695383203023,1,1.0,0,0.06105268937879138
28.14518788137088,1,1.0,0,0.07509260285907793
46.765765748712795,1,0.995,1,-0.0043699311666963725
50.525090194030106,1,1.0,0,0.11503998752723166
25.826777332026396,1,1.0,0,0.03432740527532818
51.76202987358684,1,0.995,0,0.0449093657328935
32.46194873135374,1,1.0,0,0.09182040152231191
44.62931039234397,1,1.0,0,0.07193338238088187
51.64265324019866,1,1.0,0,0.02068708637131178
27.57801679553656,0,0.0,0,0.08668196749509055
51.05032656289886,1,1.0,0,0.10304614775112936
26.727639889534966,1,1.0,0,0.08414961758512601
37.29044542671097,1,1.0,0,0.09082292293379923
44.74821460552984,1,1.0,0,0.09694880994814142
25.28177965200644,1,1.0,0,0.023276948912493434
25.354958655988135,1,1.0,0,0.12257453708656546
47.53424807801112,1,0.99,0,0.08868508625763516
49.48931814185449,0,0.015,0,0.06783022525044202
42.04775498977632,1,1.0,0,0.09693772743334106
52.041270551154895,0,0.005,0,0.10543466345778851
32.84185221265756,1,1.0,0,0.11766649649768957
44.43048003678259,1,1.0,0,0.1259219908296838
28.85158291420481,1,1.0,0,0.12004189763325779
45.57998791884701,1,0.995,0,0.10561535209822809
29.853029268671644,1,1.0,0,0.10195536830613516
21.327072354632886,1,1.0,0,0.06101600788171346
41.07381722339017,1,1.0,0,0.047152144345771085
31.236891886118645,0,0.005,0,0.11872038703913645
14.966484897114615,1,1.0,0,0.04915237335576805
14.815072348379069,1,1.0,0,0.08427503463228875
47.09913705979885,1,1.0,0,0.07672880373700686
42.41309539326871,1,0.995,0,0.04973208742762658
33.991960574303654,1,0.975,0,0.09023724069206107
54.98231235902546,1,1.0,0,0.04257272529701783
57.928089643459145,1,0.995,0,0.055011614275033316
33.44331437823252,1,1.0,0,0.0778741721151417
31.556197709164913,1,0.995,1,-0.02231460316448486
22.634292090441754,1,1.0,0,0.08495212069926683
59.83824837453588,1,1.0,0,0.06526846864124924
60.343218138225126,0,0.005,0,0.037103827575615256
19.271079836558375,1,0.995,0,0.052701646111380285
31.98111644218109,1,1.0,0,0.06378130314774222
36.72571451806809,1,1.0,0,0.10858405605387766
26.301041166112704,1,1.0,0,0.07911410651546358
26.095600329965173,0,0.0,0,0.12057304150147408
26.194499003761848,1,1.0,0,0.06692623297701839
42.2819238363662,1,1.0,0,0.07751224925842881
31.91995727903974,1,1.0,0,0.05936014958465918
35.72981219228701,0,0.005,0,0.060308758671437146
19.451669054655316,1,0.995,0,0.023273234332623738
36.505399339083375,0,0.0,0,0.13763681992853816
35.83153394085704,1,1.0,0,0.11418698507630859
32.201966578326534,0,0.0,0,0.09410451973548778
29.908706691263042,1,0.985,0,0.08187831187929862
53.59407219800882,1,1.0,0,0.09648610299350185
49.0383516701693,0,0.0,0,0.13397902056913558
28.683709331456647,1,0.99,0,0.06796801249726858
41.8399987594932,1,1.0,0,0.053408207635981975
57.86190098106175,1,0.995,0,0.09154047753146805
27.6832017898393,1,0.995,0,0.08242228101377413
39.77362327020099,1,1.0,0,0.11045803393561593
37.19748369916633,1,1.0,0,0.09440279443210181
58.23586336484238,0,0.035,0,0.0482552898833164
48.6473022981683,0,0.015,0,0.0435396728795554
38.88851874139598,1,1.0,0,0.11319161132986061
29.923990529706497,1,1.0,0,0.11196176948677233
40.882114320481044,1,1.0,0,0.096919065943532
31.174320276714173,1,0.995,0,0.08992670905372424
35.661106727774545,0,0.0,0,0.13558475737079762
53.021579457271365,1,0.995,0,0.09876126639497029
45.290956589355474,0,0.0,0,0.0996047435431126
45.9523661399894,1,0.995,0,0.04892784800459049
48.676745778506,1,0.995,0,0.08208992750122579
47.640942819473786,1,1.0,0,0.10663256483658012
36.55702782324906,1,1.0,0,0.055660329607262415
34.20338057061866,1,1.0,0,0.08261964730334731
26.144954557710477,0,0.0,0,0.09810852432121547
47.400364215047276,1,1.0,0,0.10856110677496461
43.2394700682343,0,0.01,0,0.07088616139881276
30.786238523005427,0,0.005,0,0.073454074969872
19.860351670322995,0,0.0,0,0.0971546293813984
45.36222997269022,1,1.0,0,0.055102907268287815
8.227403505090574,1,1.0,0,0.06619515453623859
48.907957471703924,1,1.0,1,-0.017254639310940068
38.51530004965661,1,0.985,0,0.10082721409001905
52.76410372848549,1,1.0,0,0.07212131406570876
52.672764660364294,1,1.0,0,0.05457895728483586
35.07065709925021,1,0.995,0,0.10919443381435168
38.07968156412421,1,0.99,0,0.07244393428225637
27.71731582664064,1,1.0,0,0.08611556787131053
29.236362768171094,1,1.0,0,0.06477650185621231
36.38467823536393,0,0.035,0,0.09101758942785237
56.89293301697655,1,0.995,0,0.04745856419973227
30.062397044430167,1,1.0,0,0.13687960162904267
29.64171423347367,0,0.005,0,0.12317431484186692
31.74905628503555,1,1.0,0,0.058976484489795644
44.65319089004525,1,1.0,0,0.09093702835455553
30.743073072226412,1,1.0,0,0.05747620656314345
23.61910906448135,1,1.0,0,0.09624234935696385
47.34182795120771,1,1.0,0,0.10744540610772052
53.8529801996742,0,0.005,0,0.08512875885886212
43.03245598349842,0,0.005,0,0.09333432331641783
38.99293046078135,1,1.0,1,-0.028501355130417516
39.4707456960539,1,0.99,0,0.05605716248906323
36.184354278997674,1,1.0,0,0.07730510296355453
61.16694349248628,0,0.0,0,0.06161128813387906
14.620563694836028,1,1.0,0,0.0057639339492836505
45.00198669572407,1,1.0,0,0.10561540618224602
45.40828808007027,0,0.005,0,0.0791843708241774
45.59179298524791,0,0.0,0,0.0914411371017052
40.7671375166287,1,1.0,0,0.05878565942826797
19.879658418214536,1,1.0,0,0.09182177626021365
32.50314590804698,1,0.995,0,0.06855464543904732
19.297819098892106,1,1.0,0,0.08329486814454296
18.528130364572686,1,1.0,0,0.09095398442013658
32.95620764610024,0,0.005,0,0.05932856926135288
29.137044981676617,1,1.0,0,0.04467895955458878
48.73643432280188,1,1.0,0,0.11015874073412857
64.46724251321774,1,0.99,0,0.041029364925620704
42.209427939062145,1,0.995,0,0.0677129238097498
38.8726536391696,1,1.0,0,0.10060014504024312
40.151531890893736,0,0.005,0,0.0800393452906768
22.858188370177146,0,0.005,0,0.06836433990524449
54.48113564153593,0,0.01,0,0.07177620463366752
36.266566623459426,1,1.0,0,0.09355874300987743
33.70668938181389,1,1.0,0,0.041953256225754076
30.560570751156742,1,1.0,0,0.1461874741497452
10.58991353777668,1,0.995,0,0.09689052353374972
18.156726151975455,0,0.0,0,0.089346873516163
49.16403208979012,1,1.0,0,0.10744872534234212
39.42031857505405,0,0.005,0,0.09167375757317398
55.5047148817541,0,0.005,0,0.11961330838750978
33.15572669333068,1,1.0,0,0.11421463033068169
54.3497188113477,0,0.005,0,0.10698438407702471
35.703685157968955,0,0.005,0,0.024802135891181742
36.43171371989252,1,1.0,0,0.11296797161995009
34.641654735190855,0,0.0,0,0.12295701404266696
26.880863242166036,1,1.0,0,0.12665514112487108
46.901521712509414,0,0.015,0,0.09592626316301034
29.219058485447544,1,1.0,0,0.08275979864393174
29.59394272482335,1,0.995,0,0.13661313861590213
27.250990327794856,1,1.0,0,0.10959330076680979
54.20093406086993,1,1.0,0,0.10052247224401212
29.981017695979826,0,0.0,0,0.08334966348097833
15.415200670109748,0,0.005,0,0.06187904347813
37.17334186292421,1,1.0,0,0.09198608147735216
34.62730928732798,0,0.01,0,0.0737793181856794
25.503171474878496,1,0.995,0,0.08897830792929551
46.74221739668831,0,0.005,0,0.08390148191708302
59.03534603575576,0,0.01,0,0.10831421365395122
66.42994072891362,0,0.0,0,0.07294759072211199
25.11653775035157,1,1.0,0,0.04016366138332883
39.962700970962175,1,0.995,0,0.11996221448826844
50.250662339182824,1,1.0,0,0.0574318486166886
30.613979477446346,1,1.0,0,0.07494156100685878
36.15542483589692,1,0.995,0,0.11964911338338619
44.715009667110714,1,1.0,0,0.11041294628320097
54.32221047853007,1,1.0,0,0.12576604226626736
43.053707977226175,0,0.0,0,0.06574367464364717
25.09368549153702,1,1.0,0,0.08223819737190013
19.486774795022917,0,0.0,0,0.08436995011299075
56.43873637412731,1,0.995,0,0.055037966359280155
24.03162042505091,0,0.0,0,0.10333660998264343
40.66274140182372,1,1.0,0,0.06204414533369518
46.97756823691455,0,0.015,0,0.04087639208231164
28.757972609447496,1,1.0,0,0.10034215838632221
42.15891889889558,1,1.0,0,0.06789218462989866
30.401871337693507,1,1.0,0,0.057010862068419765
59.18231391967013,0,0.0,0,0.06554936663335187
45.9233783513269,1,1.0,0,0.11256131017685311
47.676221846727366,1,0.995,0,0.045640106586432694
52.67517362845076,0,0.0,0,0.11752010045738981
44.238139182402186,0,0.0,0,0.08901549052965163
48.28895599788091,0,0.0,0,0.0898752833701349
39.78055116490193,1,1.0,0,0.10170905099896327
23.059486678397906,1,1.0,0,0.10163136566783815
39.39718560155486,1,1.0,0,0.052303125542286666
45.58326295507523,1,1.0,0,0.07456174129177395
13.100480984213123,0,0.01,0,0.061791784823299056
38.51164161803675,0,0.0,0,0.079103442493348
44.0645434248513,1,0.995,0,0.015449818669541204
24.081077025358894,1,1.0,0,0.08045314284860872
58.05556850687091,1,1.0,0,0.09108793475095806
39.536384819591674,1,1.0,0,0.10851170352279427
35.754037941756586,1,1.0,0,0.11480855746501506
32.88000289727236,1,1.0,0,0.05803962373109173
39.955614882570536,1,1.0,0,0.08928198833431533
48.27949250537,0,0.0,0,0.11994845263182885
38.059385783125606,0,0.0,0,0.08355801019141351
23.483818377203352,1,1.0,0,0.03974558093169822
44.79988590269269,1,1.0,0,0.05081943845276882
25.758278927093674,0,0.005,0,0.1189010770586611
26.29800275214538,1,1.0,0,0.10333879657360617
30.58013763981364,1,1.0,0,0.06119692538210775
38.66428569927797,1,1.0,0,0.09836281577995276
42.20361947102329,0,0.0,0,0.122830210457271
33.4818362792247,0,0.01,0,0.10821276157576087
17.882047772413024,0,0.0,0,0.06992359683633209
52.61783114265742,0,0.005,1,-0.005402619263357833
35.26771696370745,1,1.0,0,0.014438947943025027
32.68211988741284,1,1.0,0,0.08924659221761766
22.21223600582631,1,1.0,1,-0.031491372423319675
25.42650537933902,0,0.0,0,0.1012380175783727
29.724679325539633,1,0.995,0,0.08674221404007443
38.763059487910915,1,1.0,0,0.08777704942249304
31.109852370157142,1,1.0,0,0.07829370930569268
45.81240116860603,0,0.0,0,0.05746454083103569
22.69893918098135,1,1.0,0,0.0602231294678337
26.892594815183383,1,1.0,0,0.07576128811221294
23.01382496820642,1,1.0,0,0.04232200125724184
43.802693029899146,0,0.0,0,0.11168468330368492
47.22981511392881,1,1.0,0,0.09416343034516744
49.199340463205765,0,0.01,0,0.11492298326316841
47.246288826016205,1,0.98,0,0.1068649103667419
47.18335861603424,1,1.0,0,0.09275589848353522
43.2246384713429,0,0.005,0,0.03515409165736294
24.589051933465367,1,1.0,0,0.04917724505788179
52.039216704858035,0,0.01,0,0.09004064381967641
21.569718067470664,0,0.005,0,0.08401581271229847
42.39956070109654,1,1.0,0,0.09776064387611699
46.935800029388126,0,0.0,0,0.10714886357702996
30.761224501835883,1,0.995,0,0.0049736452791454555
27.16644668565305,0,0.0,0,0.10839317367383838
54.07320424763911,0,0.015,0,0.020754680605801767
47.31239918838979,0,0.005,0,0.08169065305758566
40.240222420904864,1,1.0,0,0.10883595901030946
56.73565443223119,1,1.0,0,0.04587590619906867
30.864149023391093,1,1.0,0,0.08696052544697613
41.57149379923191,1,0.995,1,-0.0011122367925319177
34.064851385231364,1,1.0,0,0.0924651089320459
26.735555550235432,1,0.995,0,0.072219419103839
32.413392423051334,0,0.0,0,0.048848042855897944
41.02695745018322,1,1.0,0,0.08577233949942431
32.85712692809605,1,1.0,0,0.02329151712825872
52.000092636119824,1,1.0,0,0.04894573544309
44.12435704309715,0,0.005,0,0.04789145016034291
46.37948677852293,1,1.0,0,0.12341125885024151
25.094566388768644,1,1.0,0,0.05938320956073151
48.0945767565029,1,1.0,0,0.11610286295341343
52.80470992274701,1,1.0,0,0.1358562217907066
32.73932159902228,0,0.005,0,0.05825084355044863
11.877487859336552,1,0.99,0,0.06569259901970126
44.25832792384932,0,0.01,0,0.019208977244798864
29.68875597569427,0,0.05,0,0.10692887045026406
61.99865029012894,1,0.995,0,0.00946330535206752
44.430905221137785,0,0.0,0,0.1139855097695231
26.288719089987236,1,1.0,0,0.05183481691632119
48.88160805339507,0,0.005,0,0.0934615952577999
38.399560407769364,1,1.0,0,0.08198458161819017
30.643075234146817,1,1.0,0,0.0948157598072416
42.528493975584354,1,1.0,0,0.037980469383042115
28.897435339182344,0,0.0,0,0.05228278120318475
30.016028882247298,1,0.99,0,0.05012220613752705
27.6948584020996,0,0.005,0,0.09609735334080755
20.169112142735706,1,1.0,0,0.08495354786032089
32.66604002010557,0,0.01,0,0.08396168797028114
29.532438648580737,1,1.0,0,0.07520373508794143
39.88541936986823,1,1.0,0,0.03161105888106275
32.36675083606453,1,1.0,0,0.11452182586302845
29.274093211585967,1,1.0,0,0.017286030446295286
45.418665102388765,1,0.995,0,0.06263553137183886
32.95547929789118,1,1.0,0,0.08031984954425198
15.033096334569938,1,1.0,0,0.11140447190013741
24.783009642832077,1,1.0,0,0.07841864268191223
31.51276778758427,1,1.0,0,0.06448485076436805
20.352934827306797,1,1.0,0,0.06409918647343293
40.47960041381511,0,0.005,0,0.10407124474012264
45.9152735751783,1,0.99,0,0.0027939909952096054
33.761926807142835,1,1.0,0,0.09335017877388069
48.7760595009082,1,0.995,0,0.11193581925074825
61.20720504943634,0,0.01,0,0.07641237970837633
55.63479531981274,1,0.995,0,0.07974705523745784
25.160929083479086,0,0.015,0,0.07810512381881818
20.469486194124837,0,0.025,0,0.06765072885147283
45.334111584292614,1,1.0,0,0.0742785395487724
48.72961536611884,1,1.0,0,0.07622455748350188
27.73445711014602,1,1.0,0,0.04043597212058714
22.041893940690294,1,1.0,0,0.09896520674960185
36.167413809259244,1,1.0,0,0.1084029006440207
26.702465622504654,0,0.01,0,0.12022123261569284
27.781362844540176,1,1.0,0,0.08799823351996988
47.89453451273426,1,0.995,0,0.08395737963493233
25.71495424549172,1,1.0,0,0.0995979371604016
